{
  "parent": "minecraft:recipes/root",
  "rewards": {
    "recipes": [
      "minecraft:skeleton_spawn_egg"
    ]
  },
  "criteria": {
    "has_nether_star": {
      "trigger": "minecraft:inventory_changed",
      "conditions": {
        "items": [
          {
            "item": "minecraft:nether_star"
          }
        ]
      }
    },
    "has_the_recipe": {
      "trigger": "minecraft:recipe_unlocked",
      "conditions": {
        "recipe": "minecraft:skeleton_spawn_egg"
      }
    }
  },
  "requirements": [
    [
      "has_nether_star",
      "has_the_recipe"
    ]
  ]
}